"id","result","link"
"815699","TRUE","https://github.com/madd0/AzureStorageDriver"
"22701782","FALSE","https://github.com/csasarak/toyShell"
"604198","FALSE","https://github.com/deedsTraining/ChartEx"
"2508802","FALSE","https://github.com/ALARM-Robotics/2011-Robot-Code"
"860624","FALSE","https://github.com/mstrelan/Views-API-Exposed"
"831636","FALSE","https://github.com/micheleorselli/CIBlog"
"2509343","TRUE","https://github.com/rubyworks/plugin"
"2214053","TRUE","https://github.com/chirino/memcached"
"8683275","FALSE","https://github.com/cran/XMLSchema"
"182655","TRUE","https://github.com/jpowers/node-google-places"
"2510571","FALSE","https://github.com/lkuczera/maven"
"1431197","FALSE","https://github.com/DooMLoRD/HTC-JetStream-HC-Kernel"
"2507055","FALSE","https://github.com/dsmith81/mykdb"
"1072215","FALSE","https://github.com/PHPBenelux/App"
"2520586","FALSE","https://github.com/davidsiro/sheetdb"
"2510001","FALSE","https://github.com/CharlesYeh/padspotter"
"2511145","FALSE","https://github.com/AlexKVal/D2DDB"
"2511781","FALSE","https://github.com/jgs-ps-test/test2"
"367928","TRUE","https://github.com/acumenbrands/netsuite-rest-client"
"760731","TRUE","https://github.com/purcell/color-theme-sanityinc-tomorrow"
"587506","FALSE","https://github.com/mroth/stardotws"
"893222","TRUE","https://github.com/siivonen/maven-cleanup"
"1098096","TRUE","https://github.com/gtalusan/ALAssetsLibraryPhotoViewController"
"2233994","FALSE","https://github.com/renan/dotfiles"
"37272","FALSE","https://github.com/clickbeetle/cb_overlay"
"708228","FALSE","https://github.com/seagoj/jarvis"
"2512894","FALSE","https://github.com/farevalod/python_recursive"
"2510010","FALSE","https://github.com/lmedlock/enGAUGE"
"2509351","FALSE","https://github.com/faithnh/wordenglishstudy"
"215824","TRUE","https://github.com/mrforbes/Backbone-Store"
"2512261","TRUE","https://github.com/NicolasZanotti/IncludeArticle"
"208979","TRUE","https://github.com/jvilalta/QuartzNetFeaturePack"
"2506825","FALSE","https://github.com/kennyeric/dm"
"2529139","FALSE","https://github.com/fantasticsid/99problems"
"1202057","FALSE","https://github.com/StylingAndroid/BackupRestore"
"2229254","FALSE","https://github.com/ravelsoft/node-krowlr"
"2514825","FALSE","https://github.com/damo2576/testproj"
"51883","TRUE","https://github.com/fzaninotto/uptime"
"382351","FALSE","https://github.com/martndemus/martndemus.github.com"
"22282","TRUE","https://github.com/candrews/HttpResponseCache"
"2507707","FALSE","https://github.com/lunarscape/lunarscape.github.com"
"2513336","FALSE","https://github.com/y29cheng/PeerVote"
"451230","TRUE","https://github.com/justafish/amazons3"
"648580","FALSE","https://github.com/dwido/Music-Band-Ruby-Template"
"2524316","FALSE","https://github.com/mattgambo/PinboardReader"
"2512771","FALSE","https://github.com/skinner33/hlockx"
"2507266","FALSE","https://github.com/Enki-Prog/mysnippets"
"86103","TRUE","https://github.com/Panajev/CocosLib"
"2517974","FALSE","https://github.com/consolo/calendar_hack"
"2506720","FALSE","https://github.com/pterk/django-tcc"
"2511488","FALSE","https://github.com/chriswk/trainingdiary"
"2520398","FALSE","https://github.com/Zweer/ZweNotify"
"2515569","FALSE","https://github.com/ntuaha/SimpleBusServer"
"2642800","TRUE","https://github.com/cwestin/phoenix4cpp"
"2145823","FALSE","https://github.com/carylee/IsTheBingAPIWorking"
"2513896","FALSE","https://github.com/SCys/gentoo-init-scripts"
"2510765","FALSE","https://github.com/kuksic/blog"
"1914831","FALSE","https://github.com/KushalP/woven"
"2506561","FALSE","https://github.com/freddy6218/Wirtschaftssimulator"
"2514416","TRUE","https://github.com/omaroman/formee"
"2517827","TRUE","https://github.com/wesleym/hipcommit"
"2508454","FALSE","https://github.com/taufiqaalam/taufiqaalam.github.com"
"77363","TRUE","https://github.com/iNinja/CCTextField"
"2508141","TRUE","https://github.com/thecafesociety/trails"
"96318","FALSE","https://github.com/teamgummy/vendor_Gummy"
"2511796","FALSE","https://github.com/demersdesigns/tweeter"
"2511429","FALSE","https://github.com/kahara/docsort"
"2197998","TRUE","https://github.com/greglu/hbase-writer"
"2514092","FALSE","https://github.com/Shikaga/SL4CL"
"2514012","FALSE","https://github.com/mkusanagi/first-app"
"414523","TRUE","https://github.com/jhermsmeier/php-aggressor"
"256227","FALSE","https://github.com/helixyte/tractor"
"2510920","TRUE","https://github.com/Lauszus/PS3-Controller-BT-Library-for-Arduino"
"2511513","FALSE","https://github.com/acatl/mediaq"
"2508374","FALSE","https://github.com/koeart/CmS---Html-Guide"
"2508481","FALSE","https://github.com/jamesballard/moodle-misc_journal2assignment"
"2509845","FALSE","https://github.com/cmatsuoka/codecgraph"
"2507785","FALSE","https://github.com/cd-book/cd-book"
"2227967","FALSE","https://github.com/zachelrath/CronExpression-for-Apex"
"2511489","FALSE","https://github.com/0xFDotOrg/Market"
"984601","TRUE","https://github.com/ramusus/django-oauth-tokens"
"2685450","FALSE","https://github.com/elianos/Uspck"
"7644312","FALSE","https://github.com/gregoryck/Monad-Meditations"
"2240056","TRUE","https://github.com/than/Shirt"
"2519463","FALSE","https://github.com/mashalla/radiobutton"
"35045626","TRUE","https://github.com/tizenorg/framework.uifw.xorg.lib.libx11"
"13685","TRUE","https://github.com/seomoz/pyreBloom"
"2533072","FALSE","https://github.com/alexkrepch/OwlFree"
"2148530","TRUE","https://github.com/ynkdir/vim-diff"
"2506702","FALSE","https://github.com/jaroslavius/jD-Talks"
"16597285","FALSE","https://github.com/rishabhagarwal1/Fetch-News"
"1802554","FALSE","https://github.com/handrenliang/spring-mvc-hibernate-archetype"
"2510454","FALSE","https://github.com/sophist114/Help"
"2686284","FALSE","https://github.com/alesdotio/happy-blog"
"2510643","FALSE","https://github.com/avimar/Freeswitch_slim_conf"
"980194","FALSE","https://github.com/leoncamel/my-dot-emacs"
"758148","FALSE","https://github.com/tkrajcar/dotfiles"
"2224763","TRUE","https://github.com/subtenante/orgjs"
"218987","TRUE","https://github.com/pveentjer/Multiverse"
"2507720","FALSE","https://github.com/mrhaki/blogger-extras"
