id,result,link
851505,FALSE,https://github.com/enpjp/Q-Action
2513064,TRUE,https://github.com/kayahr/gramath
11358788,FALSE,https://github.com/hvdieren/swan-tutorial
168927,FALSE,https://github.com/chrisbra/improvedft
2515236,FALSE,https://github.com/betarr/DPKP
2515387,TRUE,https://github.com/jbradberry/django-diplomacy
3179284,TRUE,https://github.com/jpoon/WeightWatch
13685,TRUE,https://github.com/seomoz/pyreBloom
2226121,TRUE,https://github.com/fcanedo/play-control
2538439,FALSE,https://github.com/jbee/fly
2512641,TRUE,https://github.com/lucastorri/ircbot
2507453,TRUE,https://github.com/dawid-sklodowski/test_dev
2509035,TRUE,https://github.com/amcfague/pyroxy
2529228,FALSE,https://github.com/mctr/mam
360274,TRUE,https://github.com/openam/SublimeCakePHP
2512683,TRUE,https://github.com/gregjacobs/backbone.structuredModel
589347,TRUE,https://github.com/vitalius/Port-Locker
2511613,FALSE,https://github.com/tomekkaczanowski/pit-testng
2507231,FALSE,https://github.com/gerad/album
2519320,FALSE,https://github.com/CharlesFainLehman/Doggone
1196579,TRUE,https://github.com/thierryd/adg-android
721520,FALSE,https://github.com/MCBans/mcbans.github.com
2514596,FALSE,https://github.com/patdunlavey/imusgeographics.com
2519220,TRUE,https://github.com/harryvanoort/jw
1593694,TRUE,https://github.com/sonxurxo/conxugalego-ios
2513788,TRUE,https://github.com/akhilstanislavose/turtle-tracks
1310952,TRUE,https://github.com/bocoup/Cor-
2510622,FALSE,https://github.com/wdhae/myGitTest
17685883,FALSE,https://github.com/mobilesec/auth-client-demo-auth-library
2513619,FALSE,https://github.com/zamauss/framework
12038,TRUE,https://github.com/Cocoanetics/DTLocalizableStringScanner
2514546,TRUE,https://github.com/jlstr/BlackJack
2510000,TRUE,https://github.com/zedkit/zedapi
812357,TRUE,https://github.com/HubSpot/oneforty-data
120224,TRUE,https://github.com/jtownsend54/jonscaching
35046648,FALSE,https://github.com/tizenorg/framework.uifw.xorg.proto.x11proto-xf86dga
2510464,FALSE,https://github.com/jlhamot/leboncouac
2510613,FALSE,https://github.com/knoldus/AkkaFibonacciBenchmark
2506591,FALSE,https://github.com/s9931/nccucs-oop-99703031
656587,TRUE,https://github.com/mback2k/django-webgcal
2293763,TRUE,https://github.com/jamarchist/Webtop
2510828,TRUE,https://github.com/amcfague/pyroxy
2509185,FALSE,https://github.com/irishdan/drupal7-scanner
1259531,TRUE,https://github.com/vijeenroshpw/MSP430Hacks
2511968,TRUE,https://github.com/dankogai/js-math-complex
18331803,TRUE,https://github.com/nickmalleson/repastcity
2535471,TRUE,https://github.com/student-tomasz/aisd-projekt-indywidualny
1395323,FALSE,https://github.com/tazhate/Russian-Console
1671822,FALSE,https://github.com/mnikhil-git/my-db-tools
604386,TRUE,https://github.com/jonocodes/GtkSourceSchemer
326876,FALSE,https://github.com/sjoeboo/puppet-modules
2506504,FALSE,https://github.com/lambokini/dp-python
2519459,FALSE,https://github.com/mashalla/button
2519129,TRUE,https://github.com/bobtfish/IPC-Lock-RabbitMQ
103226,TRUE,https://github.com/ibhh/AnimalShop
2517211,FALSE,https://github.com/Severrrus/Kolko-i-Krzyzyk
1880389,FALSE,https://github.com/ryotakato/travelog
2506320,TRUE,https://github.com/adabei/handle
2227967,FALSE,https://github.com/zachelrath/CronExpression-for-Apex
26414571,TRUE,https://github.com/jsr-d9/android_kernel_lk
2518154,TRUE,https://github.com/ianmorgan/drax
19714776,TRUE,https://github.com/chef/knife-eucalyptus
624081,TRUE,https://github.com/lwille/node-gphoto2
2512320,FALSE,https://github.com/dag/data-lens-ixset
2517624,TRUE,https://github.com/onur-celik/Giant-Cursor
2535011,TRUE,https://github.com/Yvetteywy/SmallTasks
2512594,TRUE,https://github.com/kevincolyar/CronNET
2514815,FALSE,https://github.com/amillerrhodes/Genetic-Algorithms
2511593,TRUE,https://github.com/engelmarkus/Edubay
2671757,FALSE,https://github.com/sakanaeie/dotfiles
3300113,FALSE,https://github.com/kremlhi/tetris
2520388,FALSE,https://github.com/allanroscoche/DNA
15992574,FALSE,https://github.com/FGMEMBERS/Etrich-Taube
2510603,FALSE,https://github.com/thirumoorthy/QT_Samples
2513844,TRUE,https://github.com/TheSky/plane-wave-android
787758,TRUE,https://github.com/nicholasserra/django-ultramemcached-cache
272336,TRUE,https://github.com/bgamari/bayes-stack
386427,FALSE,https://github.com/ericlindstrom/dotfiles
2507583,TRUE,https://github.com/diegoqlima/l2pog
2510991,FALSE,https://github.com/c5-api/api_base_user
2511115,FALSE,https://github.com/mattbos/CWW-MSHWR
34474932,FALSE,https://github.com/tizenorg/platform.core.api.device
34937215,TRUE,https://github.com/tizenorg/external.dbus
19014542,FALSE,https://github.com/AlexNisnevich/NotASoul
180037,TRUE,https://github.com/falsovsky/FiSH-irssi
4733304,FALSE,https://github.com/davidmortiz/SHRINE
755935,FALSE,https://github.com/apoi/quickbeer
2509626,TRUE,https://github.com/cookie-bytes/ticking-boxes.com
82074,TRUE,https://github.com/kerryjiang/WebSocket4Net
2515385,TRUE,https://github.com/trevordixon/http-trackpad
5878970,FALSE,https://github.com/actblue-cookbooks/graphite
2511337,TRUE,https://github.com/moksamedia/SBVConvertor
988889,FALSE,https://github.com/scottdavis/ruby-tesseract
2510852,TRUE,https://github.com/bittersweet/dnd.org
2532017,TRUE,https://github.com/redpeppix-gmbh-co-kg/redpeppix.-cropper
283677,FALSE,https://github.com/dtan/html5-reset-stylus
25642,TRUE,https://github.com/Frick/ttplus
2511535,FALSE,https://github.com/Jimgskoop/sound
2519138,TRUE,https://github.com/rymdbullen/clustercontrol2/
2523814,FALSE,https://github.com/steeldrum/donationLog
